{
  "task": {
    "inputs": [
      "I",
      "SoC",
      "T",
      "dI"
    ],
    "output": "V"
  },
  "norm": {
    "V_min": 2.524099898338318,
    "V_max": 4.8149000883102415,
    "I_abs_max": 5.526000022888184,
    "T_min": 14.349410438537598,
    "T_max": 49.52249011993408,
    "headroom": 0.2
  },
  "ocv_polynomial": {
    "degree": 5,
    "coefs_high_to_low": [
      -11.12109280105917,
      11.93025672150974,
      3.0139234669540182,
      -6.310094275620638,
      2.2867393954090223,
      3.522451328139438
    ]
  },
  "hp": {
    "inputs": [
      "I",
      "SoC",
      "T",
      "dI"
    ],
    "output": "V",
    "hidden": 16,
    "grid_size": 10,
    "spline_order": 3,
    "lr": 0.0003,
    "weight_decay": 0.0001,
    "batch_size": 256,
    "n_epochs": 500,
    "lr_patience": 30,
    "lr_factor": 0.5,
    "lr_min": 1e-06,
    "es_patience": 80,
    "headroom": 0.2,
    "val_split": 0.1
  },
  "best_epoch": 1,
  "metrics": {
    "rmse_mV": 82.36907958984375,
    "mae_mV": 62.358245849609375,
    "r2": 0.9269509315490723
  },
  "train_files": [
    "RW9",
    "RW10",
    "RW11"
  ],
  "test_files": [
    "RW12"
  ],
  "timestamp": "20260315_145339"
}